{"MSE": 2.4538223056003177, "_timestamp": 1685589212.6657028, "_runtime": 10.645248889923096, "_step": 0, "_wandb": {"runtime": 10}}