{"MSE": 2.454339501497711, "_timestamp": 1685589285.9491696, "_runtime": 10.13671064376831, "_step": 0, "_wandb": {"runtime": 9}}