{"MSE": 2.4628685538332773, "_timestamp": 1685589136.432853, "_runtime": 9.258048057556152, "_step": 0, "_wandb": {"runtime": 9}}