{"MSE": 2.4539446171970476, "_timestamp": 1685588613.5601532, "_runtime": 13.200155258178711, "_step": 0, "_wandb": {"runtime": 12}}