{"MSE": 2.452392405089043, "_timestamp": 1685589117.1679928, "_runtime": 10.50199294090271, "_step": 0, "_wandb": {"runtime": 10}}