{"MSE": 2.4521210592111715, "_timestamp": 1685589364.9827676, "_runtime": 10.22886061668396, "_step": 0, "_wandb": {"runtime": 9}}