{"MSE": 2.463323204849744, "_timestamp": 1685589336.5301912, "_runtime": 7.638384103775024, "_step": 0, "_wandb": {"runtime": 7}}