{"MSE": 2.453053162910432, "_timestamp": 1685589173.5385115, "_runtime": 9.423314571380615, "_step": 0, "_wandb": {"runtime": 9}}