{"MSE": 2.4514384585854216, "_timestamp": 1685589317.327978, "_runtime": 9.502855777740479, "_step": 0, "_wandb": {"runtime": 9}}