{"MSE": 2.4547750654060403, "_timestamp": 1685589385.55918, "_runtime": 9.993988037109375, "_step": 0, "_wandb": {"runtime": 9}}