{"MSE": 2.4552807737576727, "_timestamp": 1685589415.7406876, "_runtime": 9.174505710601807, "_step": 0, "_wandb": {"runtime": 8}}